file	url	bytes	sha256
docs/reference/abc-spec-kb/raw/media/broken-80.png	https://abcnotation.com/wiki/_media/abc:standard:broken-80.png	398	2c9d18b236cab4256bb42bebc80a7683d5e69f7e48b4d04a804de4c1e66fc421
docs/reference/abc-spec-kb/raw/media/chords-80.png	https://abcnotation.com/wiki/_media/abc:standard:chords-80.png	826	be1930b5380347517091f08f467deb7fd000edcfb9ce634ad336eddf543e6517
docs/reference/abc-spec-kb/raw/media/clefs.0000_1.png	https://abcnotation.com/wiki/_media/abc:standard:clefs.0000_1.png	1619	cfcc5a752ad8aab7325c7f796e8e1f343c9fd3475166f7d53aefdb438fa0858f
docs/reference/abc-spec-kb/raw/media/clefs.0000__1.png	https://abcnotation.com/wiki/_media/abc:standard:clefs.0000__1.png	1619	cfcc5a752ad8aab7325c7f796e8e1f343c9fd3475166f7d53aefdb438fa0858f
docs/reference/abc-spec-kb/raw/media/decorations.0000.png	https://abcnotation.com/wiki/_media/abc:standard:decorations.0000.png	6601	a7a676e2ae8e72d1fc687719a409286011fd2d096eb089a5beab43799157972c
docs/reference/abc-spec-kb/raw/media/decorations2-80.png	https://abcnotation.com/wiki/_media/abc:standard:decorations2-80.png	616	6b01726969c3f6b38d57055e9687ebe3b19c9ddc374de3fbfd2cc96019ba7afb
docs/reference/abc-spec-kb/raw/media/graces-80.png	https://abcnotation.com/wiki/_media/abc:standard:graces-80.png	409	ee475b3b9eba80344e8cd20c562c100fab3cd1d0840cb36a48d7aead05e7d2b3
docs/reference/abc-spec-kb/raw/media/multivoice-80.png	https://abcnotation.com/wiki/_media/abc:standard:multivoice-80.png	5745	56b288180db6b50b36f77d0ad3f26dbca3776624482d65dfdb5ee602a6e3f2dd
docs/reference/abc-spec-kb/raw/media/overlay1-80.png	https://abcnotation.com/wiki/_media/abc:standard:overlay1-80.png	719	3885732bca31592d3cb11e69a52cdc6635fdaf29f45f5de56ddec826a23f7558
docs/reference/abc-spec-kb/raw/media/overlay3-80.png	https://abcnotation.com/wiki/_media/abc:standard:overlay3-80.png	758	0439df70596d3703ec2803cd7248e165e693a9f72898bd4346862ec392f4f32e
docs/reference/abc-spec-kb/raw/media/pitches.0000.png	https://abcnotation.com/wiki/_media/abc:standard:pitches.0000.png	1270	a584b1f45159e8829b997d60c9117b6e24b706f2fbab853ef3c220b291724639
docs/reference/abc-spec-kb/raw/media/rests1-80.png	https://abcnotation.com/wiki/_media/abc:standard:rests1-80.png	859	5b04e2f6465e671abb2fe40923045f38a8cc9bafa9273aaf5137dd39f9a71427
docs/reference/abc-spec-kb/raw/media/rests2-80.png	https://abcnotation.com/wiki/_media/abc:standard:rests2-80.png	797	ff7106b64d312ef0cfa5f8339d3b8886ed1cc10c5376ca2ab6600e0e9506a6c5
docs/reference/abc-spec-kb/raw/media/slur1-80.png	https://abcnotation.com/wiki/_media/abc:standard:slur1-80.png	458	9f42dfa1a8ce35c6fedeed28abbaf7fad298e680a8c9f91495c32c49ea525aaf
docs/reference/abc-spec-kb/raw/media/slur2-80.png	https://abcnotation.com/wiki/_media/abc:standard:slur2-80.png	437	f37ecba99a4d35a109cdfd4ff31bec9b601760df95f0e02ba492dc8b2431a3bc
docs/reference/abc-spec-kb/raw/media/unison-80.png	https://abcnotation.com/wiki/_media/abc:standard:unison-80.png	226	3729e88034e05d1a33315a75cf2c7f5b26ff14d89fff9920e8206674cbe3cc12
